{"cameraMode":{"drawMode":0,"name":"Shaded","section":"Shading Mode"},"sceneLighting":true,"audioPlay":false,"sceneViewState":{"showFog":true,"showMaterialUpdate":false,"showSkybox":true,"showFlares":true,"showImageEffects":true,"showParticleSystems":true},"in2DMode":false,"pivot":{"x":9.669523239135743,"y":-1.453125,"z":5.3966064453125},"rotation":{"x":0.6700301170349121,"y":0.00550498440861702,"z":-0.005521498154848814,"w":0.7425292730331421},"size":5.289348125457764,"orthographic":true}