{"cameraMode":{"drawMode":0,"name":"Shaded","section":"Shading Mode"},"sceneLighting":true,"audioPlay":false,"sceneViewState":{"showFog":true,"showMaterialUpdate":false,"showSkybox":true,"showFlares":true,"showImageEffects":true,"showParticleSystems":true},"in2DMode":false,"pivot":{"x":20.184326171875,"y":3.328125,"z":12.33642578125},"rotation":{"x":0.5680012106895447,"y":0.008293178863823414,"z":-0.01403377391397953,"w":0.8233779668807983},"size":13.884936332702637,"orthographic":true}