{"cameraMode":{"drawMode":0,"name":"Shaded","section":"Shading Mode"},"sceneLighting":false,"audioPlay":false,"sceneViewState":{"showFog":true,"showMaterialUpdate":false,"showSkybox":false,"showFlares":true,"showImageEffects":true,"showParticleSystems":true},"in2DMode":false,"pivot":{"x":4.629118919372559,"y":3.913382053375244,"z":1.7180910110473633},"rotation":{"x":-0.1771499216556549,"y":0.2613385021686554,"z":-0.0488508939743042,"w":-0.9476085305213928},"size":3.839902400970459,"orthographic":false}