{"cameraMode":{"drawMode":0,"name":"Shaded","section":"Shading Mode"},"sceneLighting":false,"audioPlay":false,"sceneViewState":{"showFog":true,"showMaterialUpdate":false,"showSkybox":false,"showFlares":true,"showImageEffects":true,"showParticleSystems":true},"in2DMode":false,"pivot":{"x":0.289509654045105,"y":0.248253732919693,"z":-2.050835609436035},"rotation":{"x":-0.20860017836093903,"y":0.22988653182983399,"z":-0.0505162812769413,"w":-0.9492721557617188},"size":12.055824279785157,"orthographic":false}